date,site,style_title,url,target_keyword,pinterest_volume,google_volume,competition,pin_image_url
2026-07-19,thehairstylehub.com,"Bantu Knots Tutorial",https://thehairstylehub.com/natural-hair/bantu-knots-tutorial/,"bantu knots hairstyles natural hair",,,,https://thehairstylehub.com/images/bantu-knots-tutorial/pin.jpg
2026-07-19,thehairstylehub.com,"Bridal Bun Tutorial",https://thehairstylehub.com/wedding-hair/bridal-bun-tutorial/,"bun hairstyles for wedding",,,,https://thehairstylehub.com/images/bridal-bun-tutorial/pin.jpg
2026-07-19,thehairstylehub.com,"Claw Clip Updo for Long Hair",https://thehairstylehub.com/long-hair/claw-clip-updo-long-hair-tutorial/,"claw clip hairstyles long hair",,,,https://thehairstylehub.com/images/claw-clip-updo-long-hair-tutorial/pin.jpg
2026-07-19,thehairstylehub.com,"Cornrow Braids Tutorial",https://thehairstylehub.com/braids/cornrow-braids-tutorial/,"cornrow hairstyles",,,,https://thehairstylehub.com/images/cornrow-braids-tutorial/pin.jpg
2026-07-19,thehairstylehub.com,"Curly Bun Updo Tutorial",https://thehairstylehub.com/curly-hair/curly-bun-updo-tutorial/,"curly bun hairstyles",,,,https://thehairstylehub.com/images/curly-bun-updo-tutorial/pin.jpg
2026-07-19,thehairstylehub.com,"Easy Medium-Length Hairstyle Tutorial",https://thehairstylehub.com/medium-hair/easy-medium-length-hairstyle-tutorial/,"easy hairstyles for medium length hair",,,,https://thehairstylehub.com/images/easy-medium-length-hairstyle-tutorial/pin.jpg
2026-07-19,thehairstylehub.com,"First Day of School Braided Hairstyle",https://thehairstylehub.com/school/first-day-of-school-braided-hairstyle-tutorial/,"first day of school hairstyles",,,,https://thehairstylehub.com/images/first-day-of-school-braided-hairstyle-tutorial/pin.jpg
2026-07-19,thehairstylehub.com,"Frontal Wig Install Tutorial",https://thehairstylehub.com/wig/frontal-wig-install-tutorial/,"frontal wig hairstyles",,,,https://thehairstylehub.com/images/frontal-wig-install-tutorial/pin.jpg
2026-07-19,thehairstylehub.com,"Fulani Braids Tutorial",https://thehairstylehub.com/braids/fulani-braids-tutorial/,"fulani braids hairstyles",,,,https://thehairstylehub.com/images/fulani-braids-tutorial/pin.jpg
2026-07-19,thehairstylehub.com,"Half-Up Half-Down Wedding Hairstyle",https://thehairstylehub.com/wedding-hair/half-up-half-down-wedding-hairstyle-tutorial/,"wedding hairstyles half up half down",,,,https://thehairstylehub.com/images/half-up-half-down-wedding-hairstyle-tutorial/pin.jpg
2026-07-19,thehairstylehub.com,"High Ponytail Tutorial",https://thehairstylehub.com/ponytails/high-ponytail-tutorial/,"high ponytail hairstyles",,,,https://thehairstylehub.com/images/high-ponytail-tutorial/pin.jpg
2026-07-19,thehairstylehub.com,"Kids Cornrow Hairstyle Tutorial",https://thehairstylehub.com/kids-hair/kids-cornrow-hairstyle-tutorial/,"kids cornrow hairstyles",,,,https://thehairstylehub.com/images/kids-cornrow-hairstyle-tutorial/pin.jpg
2026-07-19,thehairstylehub.com,"Knotless Box Braids Tutorial",https://thehairstylehub.com/braids/knotless-box-braids-tutorial/,"knotless braids hairstyles",,,,https://thehairstylehub.com/images/knotless-box-braids-tutorial/pin.jpg
2026-07-19,thehairstylehub.com,"Layered Bob Styling Tutorial",https://thehairstylehub.com/short-hair/layered-bob-styling-tutorial/,"layered bob hairstyles",,,,https://thehairstylehub.com/images/layered-bob-styling-tutorial/pin.jpg
2026-07-19,thehairstylehub.com,"Long Bob (Lob) Styling Tutorial",https://thehairstylehub.com/long-hair/long-bob-lob-styling-tutorial/,"long bob hairstyles",,,,https://thehairstylehub.com/images/long-bob-lob-styling-tutorial/pin.jpg
2026-07-19,thehairstylehub.com,"Medium-Length Braided Hairstyle Tutorial",https://thehairstylehub.com/medium-hair/medium-length-braided-hairstyle-tutorial/,"hairstyles for medium length hair braids",,,,https://thehairstylehub.com/images/medium-length-braided-hairstyle-tutorial/pin.jpg
2026-07-19,thehairstylehub.com,"Men's Cornrow Braids Tutorial",https://thehairstylehub.com/mens-hair/mens-cornrow-braids-tutorial/,"cornrow hairstyles for men",,,,https://thehairstylehub.com/images/mens-cornrow-braids-tutorial/pin.jpg
2026-07-19,thehairstylehub.com,"Messy Updo Bun Tutorial",https://thehairstylehub.com/updos/messy-updo-bun-tutorial/,"messy updo hairstyles",,,,https://thehairstylehub.com/images/messy-updo-bun-tutorial/pin.jpg
2026-07-19,thehairstylehub.com,"Men's Middle Part Styling Tutorial",https://thehairstylehub.com/mens-hair/middle-part-haircut-styling-tutorial/,"middle part hairstyles men",,,,https://thehairstylehub.com/images/middle-part-haircut-styling-tutorial/pin.jpg
2026-07-19,thehairstylehub.com,"Natural Hair Twist-Out Tutorial",https://thehairstylehub.com/natural-hair/natural-hair-twist-out-tutorial/,"natural twist hairstyles",,,,https://thehairstylehub.com/images/natural-hair-twist-out-tutorial/pin.jpg
2026-07-19,thehairstylehub.com,"Pixie Cut Styling Tutorial",https://thehairstylehub.com/short-hair/pixie-cut-styling-tutorial/,"pixie hairstyles",,,,https://thehairstylehub.com/images/pixie-cut-styling-tutorial/pin.jpg
2026-07-19,thehairstylehub.com,"Rubber Band Ponytail for Natural Hair",https://thehairstylehub.com/natural-hair/rubber-band-ponytail-natural-hair-tutorial/,"rubber band hairstyles natural hair",,,,https://thehairstylehub.com/images/rubber-band-ponytail-natural-hair-tutorial/pin.jpg
2026-07-19,thehairstylehub.com,"Short Curly Hairstyle Tutorial",https://thehairstylehub.com/curly-hair/short-curly-hairstyle-tutorial/,"short curly hairstyles",,,,https://thehairstylehub.com/images/short-curly-hairstyle-tutorial/pin.jpg
2026-07-19,thehairstylehub.com,"Short Shag Haircut Styling Tutorial",https://thehairstylehub.com/short-hair/short-shag-haircut-tutorial/,"short shag hairstyles",,,,https://thehairstylehub.com/images/short-shag-haircut-tutorial/pin.jpg
2026-07-19,thehairstylehub.com,"Sleek Low Ponytail Tutorial",https://thehairstylehub.com/ponytails/sleek-low-ponytail-tutorial/,"sleek ponytail hairstyles",,,,https://thehairstylehub.com/images/sleek-low-ponytail-tutorial/pin.jpg
2026-07-19,thehairstylehub.com,"Slicked-Back Bun Tutorial",https://thehairstylehub.com/updos/slicked-back-bun-tutorial/,"slick back hairstyles",,,,https://thehairstylehub.com/images/slicked-back-bun-tutorial/pin.jpg
2026-07-19,thehairstylehub.com,"Toddler Girl Hairstyle Tutorial",https://thehairstylehub.com/kids-hair/toddler-girl-hairstyle-tutorial/,"toddler hairstyles girl",,,,https://thehairstylehub.com/images/toddler-girl-hairstyle-tutorial/pin.jpg
2026-07-19,thehairstylehub.com,"Volleyball Hairstyle Tutorial",https://thehairstylehub.com/school/volleyball-hairstyle-tutorial/,"volleyball hairstyles",,,,https://thehairstylehub.com/images/volleyball-hairstyle-tutorial/pin.jpg
2026-07-19,thehairstylehub.com,"Wig Swoop Styling Tutorial",https://thehairstylehub.com/wig/wig-swoop-styling-tutorial/,"swoop wig hairstyles",,,,https://thehairstylehub.com/images/wig-swoop-styling-tutorial/pin.jpg
